tipo,iteracion,latencia_ms
sin_cache,1,5.518
sin_cache,2,5.466
sin_cache,3,5.624
sin_cache,4,5.487
sin_cache,5,5.748
sin_cache,6,5.407
sin_cache,7,6.066
sin_cache,8,5.730
sin_cache,9,7.548
sin_cache,10,5.474
sin_cache,11,5.926
sin_cache,12,5.954
sin_cache,13,5.551
sin_cache,14,5.890
sin_cache,15,5.735
sin_cache,16,5.809
sin_cache,17,6.341
sin_cache,18,6.560
sin_cache,19,6.722
sin_cache,20,6.886
sin_cache,21,6.047
sin_cache,22,5.960
sin_cache,23,6.776
sin_cache,24,6.567
sin_cache,25,8.824
sin_cache,26,9.571
sin_cache,27,7.597
sin_cache,28,12.550
sin_cache,29,7.093
sin_cache,30,6.768
sin_cache,31,7.001
sin_cache,32,7.839
sin_cache,33,8.196
sin_cache,34,7.596
sin_cache,35,6.367
sin_cache,36,7.364
sin_cache,37,6.765
sin_cache,38,7.640
sin_cache,39,6.185
sin_cache,40,5.774
sin_cache,41,6.437
sin_cache,42,5.858
sin_cache,43,5.477
sin_cache,44,5.573
sin_cache,45,9.244
sin_cache,46,5.759
sin_cache,47,5.701
sin_cache,48,5.752
sin_cache,49,5.718
sin_cache,50,5.590
sin_cache,51,5.679
sin_cache,52,5.496
sin_cache,53,5.706
sin_cache,54,5.442
sin_cache,55,5.525
sin_cache,56,5.491
sin_cache,57,5.485
sin_cache,58,5.639
sin_cache,59,5.697
sin_cache,60,5.537
sin_cache,61,6.817
sin_cache,62,5.626
sin_cache,63,5.895
sin_cache,64,5.471
sin_cache,65,5.532
sin_cache,66,5.658
sin_cache,67,5.613
sin_cache,68,5.565
sin_cache,69,5.490
sin_cache,70,5.497
sin_cache,71,5.646
sin_cache,72,5.821
sin_cache,73,5.592
sin_cache,74,5.623
sin_cache,75,5.591
sin_cache,76,5.768
sin_cache,77,5.570
sin_cache,78,5.658
sin_cache,79,5.433
sin_cache,80,7.018
sin_cache,81,5.354
sin_cache,82,5.492
sin_cache,83,5.800
sin_cache,84,5.527
sin_cache,85,5.983
sin_cache,86,5.614
sin_cache,87,5.463
sin_cache,88,5.746
sin_cache,89,5.529
sin_cache,90,17.762
sin_cache,91,9.477
sin_cache,92,8.476
sin_cache,93,8.763
sin_cache,94,6.315
sin_cache,95,6.880
sin_cache,96,8.542
sin_cache,97,8.088
sin_cache,98,6.558
sin_cache,99,5.893
sin_cache,100,5.567
sin_cache,101,6.137
sin_cache,102,5.971
sin_cache,103,5.809
sin_cache,104,5.951
sin_cache,105,5.545
sin_cache,106,5.611
sin_cache,107,6.285
sin_cache,108,5.606
sin_cache,109,5.880
sin_cache,110,7.666
sin_cache,111,5.504
sin_cache,112,5.840
sin_cache,113,5.538
sin_cache,114,6.810
sin_cache,115,6.105
sin_cache,116,7.053
sin_cache,117,5.776
sin_cache,118,6.226
sin_cache,119,6.308
sin_cache,120,6.055
sin_cache,121,6.047
sin_cache,122,5.600
sin_cache,123,5.418
sin_cache,124,5.539
sin_cache,125,5.579
sin_cache,126,5.609
sin_cache,127,5.397
sin_cache,128,5.630
sin_cache,129,5.570
sin_cache,130,10.193
sin_cache,131,6.067
sin_cache,132,5.853
sin_cache,133,5.506
sin_cache,134,5.579
sin_cache,135,5.549
sin_cache,136,5.550
sin_cache,137,5.588
sin_cache,138,5.399
sin_cache,139,6.034
sin_cache,140,5.523
sin_cache,141,5.844
sin_cache,142,5.457
sin_cache,143,6.273
sin_cache,144,5.689
sin_cache,145,5.497
sin_cache,146,5.513
sin_cache,147,5.777
sin_cache,148,5.462
sin_cache,149,5.509
sin_cache,150,5.783
sin_cache,151,6.016
sin_cache,152,5.513
sin_cache,153,5.791
sin_cache,154,5.692
sin_cache,155,5.475
sin_cache,156,5.611
sin_cache,157,5.625
sin_cache,158,5.611
sin_cache,159,5.606
sin_cache,160,5.489
sin_cache,161,5.748
sin_cache,162,5.445
sin_cache,163,5.771
sin_cache,164,6.071
sin_cache,165,5.496
sin_cache,166,5.538
sin_cache,167,5.483
sin_cache,168,5.669
sin_cache,169,5.661
sin_cache,170,5.558
sin_cache,171,5.553
sin_cache,172,5.525
sin_cache,173,6.224
sin_cache,174,5.571
sin_cache,175,5.408
sin_cache,176,7.500
sin_cache,177,5.596
sin_cache,178,5.503
sin_cache,179,5.416
sin_cache,180,5.540
sin_cache,181,5.564
sin_cache,182,5.772
sin_cache,183,5.673
sin_cache,184,5.679
sin_cache,185,5.537
sin_cache,186,5.719
sin_cache,187,5.588
sin_cache,188,5.526
sin_cache,189,5.538
sin_cache,190,5.765
sin_cache,191,5.558
sin_cache,192,5.975
sin_cache,193,5.317
sin_cache,194,5.632
sin_cache,195,5.533
sin_cache,196,5.432
sin_cache,197,5.348
sin_cache,198,5.625
sin_cache,199,5.795
sin_cache,200,5.568
sin_cache,201,5.752
sin_cache,202,5.478
sin_cache,203,5.575
sin_cache,204,5.589
sin_cache,205,5.579
sin_cache,206,5.491
sin_cache,207,5.702
sin_cache,208,5.756
sin_cache,209,5.681
sin_cache,210,5.776
sin_cache,211,5.493
sin_cache,212,5.618
sin_cache,213,5.577
sin_cache,214,5.782
sin_cache,215,5.429
sin_cache,216,5.617
sin_cache,217,5.382
sin_cache,218,5.554
sin_cache,219,5.391
sin_cache,220,5.466
sin_cache,221,5.482
sin_cache,222,5.479
sin_cache,223,5.406
sin_cache,224,5.646
sin_cache,225,5.487
sin_cache,226,5.593
sin_cache,227,5.426
sin_cache,228,5.789
sin_cache,229,5.582
sin_cache,230,5.402
sin_cache,231,5.560
sin_cache,232,5.692
sin_cache,233,5.424
sin_cache,234,5.810
sin_cache,235,5.647
sin_cache,236,5.725
sin_cache,237,5.514
sin_cache,238,5.606
sin_cache,239,5.482
sin_cache,240,5.575
sin_cache,241,5.433
sin_cache,242,5.421
sin_cache,243,5.471
sin_cache,244,5.564
sin_cache,245,5.617
sin_cache,246,5.750
sin_cache,247,5.548
sin_cache,248,5.547
sin_cache,249,5.522
sin_cache,250,5.533
sin_cache,251,5.463
sin_cache,252,5.436
sin_cache,253,5.540
sin_cache,254,5.467
sin_cache,255,5.417
sin_cache,256,5.658
sin_cache,257,5.498
sin_cache,258,5.524
sin_cache,259,5.589
sin_cache,260,5.556
sin_cache,261,5.524
sin_cache,262,5.569
sin_cache,263,5.514
sin_cache,264,5.367
sin_cache,265,6.056
sin_cache,266,5.499
sin_cache,267,5.563
sin_cache,268,5.629
sin_cache,269,5.605
sin_cache,270,5.693
sin_cache,271,5.409
sin_cache,272,5.700
sin_cache,273,5.533
sin_cache,274,5.413
sin_cache,275,5.327
sin_cache,276,5.687
sin_cache,277,5.575
sin_cache,278,5.573
sin_cache,279,5.573
sin_cache,280,5.680
sin_cache,281,5.607
sin_cache,282,5.483
sin_cache,283,5.604
sin_cache,284,5.476
sin_cache,285,5.836
sin_cache,286,5.523
sin_cache,287,5.567
sin_cache,288,5.480
sin_cache,289,5.446
sin_cache,290,5.493
sin_cache,291,5.568
sin_cache,292,5.483
sin_cache,293,5.498
sin_cache,294,5.522
sin_cache,295,5.489
sin_cache,296,5.547
sin_cache,297,5.595
sin_cache,298,5.292
sin_cache,299,5.450
sin_cache,300,5.537
sin_cache,301,5.496
sin_cache,302,5.600
sin_cache,303,5.604
sin_cache,304,5.696
sin_cache,305,5.532
sin_cache,306,5.845
sin_cache,307,5.600
sin_cache,308,5.594
sin_cache,309,5.638
sin_cache,310,5.409
sin_cache,311,5.642
sin_cache,312,5.458
sin_cache,313,5.721
sin_cache,314,5.757
sin_cache,315,5.634
sin_cache,316,5.886
sin_cache,317,5.507
sin_cache,318,5.487
sin_cache,319,5.480
sin_cache,320,5.661
sin_cache,321,5.987
sin_cache,322,5.317
sin_cache,323,5.574
sin_cache,324,5.665
sin_cache,325,6.072
sin_cache,326,5.654
sin_cache,327,5.520
sin_cache,328,5.583
sin_cache,329,5.579
sin_cache,330,5.675
sin_cache,331,5.638
sin_cache,332,5.531
sin_cache,333,5.475
sin_cache,334,5.625
sin_cache,335,5.488
sin_cache,336,5.481
sin_cache,337,5.515
sin_cache,338,5.439
sin_cache,339,5.633
sin_cache,340,5.470
sin_cache,341,5.559
sin_cache,342,5.767
sin_cache,343,5.646
sin_cache,344,5.386
sin_cache,345,5.630
sin_cache,346,6.672
sin_cache,347,5.515
sin_cache,348,5.571
sin_cache,349,5.513
sin_cache,350,5.549
sin_cache,351,5.500
sin_cache,352,5.858
sin_cache,353,5.494
sin_cache,354,5.455
sin_cache,355,5.452
sin_cache,356,5.513
sin_cache,357,5.593
sin_cache,358,5.675
sin_cache,359,5.770
sin_cache,360,5.752
sin_cache,361,5.608
sin_cache,362,5.386
sin_cache,363,6.087
sin_cache,364,5.508
sin_cache,365,5.557
sin_cache,366,5.477
sin_cache,367,6.328
sin_cache,368,5.885
sin_cache,369,5.608
sin_cache,370,5.600
sin_cache,371,5.515
sin_cache,372,5.461
sin_cache,373,5.528
sin_cache,374,5.509
sin_cache,375,5.676
sin_cache,376,5.499
sin_cache,377,5.465
sin_cache,378,5.531
sin_cache,379,5.834
sin_cache,380,5.350
sin_cache,381,5.479
sin_cache,382,5.414
sin_cache,383,5.406
sin_cache,384,5.940
sin_cache,385,5.632
sin_cache,386,5.733
sin_cache,387,5.580
sin_cache,388,5.461
sin_cache,389,5.551
sin_cache,390,5.692
sin_cache,391,5.587
sin_cache,392,5.574
sin_cache,393,6.003
sin_cache,394,5.727
sin_cache,395,5.474
sin_cache,396,5.586
sin_cache,397,5.665
sin_cache,398,5.351
sin_cache,399,5.429
sin_cache,400,5.630
sin_cache,401,5.498
sin_cache,402,5.517
sin_cache,403,5.498
sin_cache,404,5.787
sin_cache,405,5.763
sin_cache,406,5.458
sin_cache,407,5.542
sin_cache,408,5.699
sin_cache,409,5.588
sin_cache,410,6.047
sin_cache,411,5.552
sin_cache,412,5.613
sin_cache,413,5.822
sin_cache,414,5.750
sin_cache,415,5.831
sin_cache,416,5.686
sin_cache,417,5.508
sin_cache,418,5.573
sin_cache,419,6.071
sin_cache,420,5.462
sin_cache,421,5.658
sin_cache,422,5.483
sin_cache,423,5.523
sin_cache,424,5.874
sin_cache,425,5.608
sin_cache,426,5.625
sin_cache,427,5.506
sin_cache,428,5.692
sin_cache,429,5.674
sin_cache,430,5.535
sin_cache,431,5.426
sin_cache,432,5.546
sin_cache,433,5.527
sin_cache,434,5.492
sin_cache,435,5.714
sin_cache,436,5.481
sin_cache,437,5.712
sin_cache,438,5.658
sin_cache,439,5.608
sin_cache,440,5.544
sin_cache,441,5.610
sin_cache,442,5.677
sin_cache,443,5.534
sin_cache,444,5.723
sin_cache,445,5.489
sin_cache,446,5.615
sin_cache,447,6.056
sin_cache,448,5.709
sin_cache,449,5.583
sin_cache,450,5.789
sin_cache,451,5.530
sin_cache,452,5.522
sin_cache,453,5.338
sin_cache,454,5.954
sin_cache,455,5.628
sin_cache,456,5.692
sin_cache,457,5.769
sin_cache,458,5.650
sin_cache,459,5.535
sin_cache,460,5.659
sin_cache,461,5.478
sin_cache,462,5.543
sin_cache,463,5.597
sin_cache,464,5.455
sin_cache,465,5.574
sin_cache,466,5.618
sin_cache,467,5.492
sin_cache,468,5.753
sin_cache,469,5.432
sin_cache,470,5.613
sin_cache,471,5.459
sin_cache,472,5.507
sin_cache,473,5.608
sin_cache,474,5.724
sin_cache,475,5.467
sin_cache,476,5.551
sin_cache,477,5.411
sin_cache,478,5.592
sin_cache,479,5.396
sin_cache,480,5.526
sin_cache,481,5.849
sin_cache,482,5.496
sin_cache,483,5.623
sin_cache,484,5.675
sin_cache,485,5.541
sin_cache,486,5.591
sin_cache,487,5.680
sin_cache,488,5.655
sin_cache,489,6.176
sin_cache,490,5.358
sin_cache,491,5.491
sin_cache,492,5.508
sin_cache,493,5.595
sin_cache,494,5.695
sin_cache,495,5.485
sin_cache,496,5.567
sin_cache,497,5.720
sin_cache,498,5.517
sin_cache,499,5.705
sin_cache,500,5.410
sin_cache,501,5.834
sin_cache,502,5.531
sin_cache,503,6.169
sin_cache,504,5.502
sin_cache,505,5.608
sin_cache,506,5.525
sin_cache,507,5.471
sin_cache,508,5.528
sin_cache,509,5.621
sin_cache,510,5.896
sin_cache,511,5.552
sin_cache,512,5.665
sin_cache,513,5.775
sin_cache,514,5.499
sin_cache,515,5.746
sin_cache,516,5.800
sin_cache,517,5.428
sin_cache,518,5.741
sin_cache,519,5.479
sin_cache,520,5.598
sin_cache,521,5.525
sin_cache,522,5.394
sin_cache,523,5.549
sin_cache,524,5.499
sin_cache,525,5.659
sin_cache,526,5.556
sin_cache,527,5.473
sin_cache,528,5.535
sin_cache,529,6.193
sin_cache,530,5.615
sin_cache,531,5.308
sin_cache,532,5.526
sin_cache,533,5.465
sin_cache,534,5.609
sin_cache,535,5.450
sin_cache,536,6.111
sin_cache,537,5.644
sin_cache,538,5.631
sin_cache,539,5.625
sin_cache,540,5.525
sin_cache,541,5.556
sin_cache,542,5.422
sin_cache,543,5.662
sin_cache,544,5.419
sin_cache,545,5.629
sin_cache,546,5.828
sin_cache,547,5.572
sin_cache,548,5.661
sin_cache,549,5.396
sin_cache,550,5.623
sin_cache,551,5.387
sin_cache,552,5.602
sin_cache,553,5.737
sin_cache,554,5.630
sin_cache,555,5.527
sin_cache,556,5.637
sin_cache,557,5.607
sin_cache,558,5.858
sin_cache,559,5.533
sin_cache,560,5.441
sin_cache,561,5.511
sin_cache,562,5.767
sin_cache,563,5.564
sin_cache,564,5.633
sin_cache,565,5.697
sin_cache,566,5.734
sin_cache,567,5.616
sin_cache,568,5.744
sin_cache,569,5.563
sin_cache,570,5.607
sin_cache,571,5.506
sin_cache,572,5.531
sin_cache,573,6.114
sin_cache,574,5.587
sin_cache,575,5.729
sin_cache,576,5.688
sin_cache,577,5.663
sin_cache,578,5.444
sin_cache,579,5.877
sin_cache,580,5.510
sin_cache,581,5.524
sin_cache,582,5.643
sin_cache,583,5.476
sin_cache,584,5.559
sin_cache,585,5.454
sin_cache,586,5.537
sin_cache,587,5.737
sin_cache,588,5.540
sin_cache,589,5.672
sin_cache,590,5.467
sin_cache,591,5.640
sin_cache,592,5.875
sin_cache,593,5.653
sin_cache,594,5.580
sin_cache,595,5.622
sin_cache,596,5.633
sin_cache,597,5.592
sin_cache,598,5.394
sin_cache,599,5.601
sin_cache,600,5.579
sin_cache,601,5.519
sin_cache,602,5.562
sin_cache,603,5.703
sin_cache,604,5.554
sin_cache,605,5.510
sin_cache,606,5.575
sin_cache,607,5.896
sin_cache,608,5.562
sin_cache,609,5.766
sin_cache,610,5.620
sin_cache,611,5.608
sin_cache,612,5.549
sin_cache,613,5.534
sin_cache,614,5.576
sin_cache,615,5.521
sin_cache,616,5.579
sin_cache,617,5.527
sin_cache,618,5.704
sin_cache,619,5.634
sin_cache,620,5.519
sin_cache,621,5.443
sin_cache,622,5.625
sin_cache,623,5.669
sin_cache,624,5.586
sin_cache,625,5.402
sin_cache,626,5.481
sin_cache,627,5.489
sin_cache,628,5.693
sin_cache,629,5.641
sin_cache,630,5.610
sin_cache,631,5.628
sin_cache,632,5.400
sin_cache,633,5.723
sin_cache,634,5.576
sin_cache,635,5.704
sin_cache,636,5.611
sin_cache,637,5.476
sin_cache,638,5.667
sin_cache,639,5.601
sin_cache,640,5.583
sin_cache,641,5.702
sin_cache,642,5.919
sin_cache,643,5.698
sin_cache,644,5.471
sin_cache,645,5.625
sin_cache,646,5.527
sin_cache,647,5.481
sin_cache,648,5.558
sin_cache,649,5.375
sin_cache,650,5.558
sin_cache,651,5.620
sin_cache,652,5.593
sin_cache,653,6.409
sin_cache,654,5.586
sin_cache,655,5.539
sin_cache,656,5.525
sin_cache,657,5.476
sin_cache,658,5.519
sin_cache,659,5.557
sin_cache,660,5.477
sin_cache,661,5.560
sin_cache,662,5.682
sin_cache,663,5.487
sin_cache,664,5.585
sin_cache,665,5.854
sin_cache,666,5.588
sin_cache,667,5.838
sin_cache,668,5.701
sin_cache,669,5.272
sin_cache,670,5.551
sin_cache,671,5.506
sin_cache,672,5.584
sin_cache,673,5.536
sin_cache,674,5.699
sin_cache,675,5.761
sin_cache,676,5.522
sin_cache,677,5.545
sin_cache,678,5.633
sin_cache,679,5.561
sin_cache,680,5.555
sin_cache,681,5.469
sin_cache,682,5.496
sin_cache,683,5.537
sin_cache,684,5.405
sin_cache,685,5.674
sin_cache,686,5.593
sin_cache,687,5.666
sin_cache,688,5.496
sin_cache,689,5.527
sin_cache,690,5.679
sin_cache,691,5.508
sin_cache,692,5.858
sin_cache,693,5.699
sin_cache,694,5.655
sin_cache,695,5.673
sin_cache,696,5.448
sin_cache,697,5.566
sin_cache,698,5.503
sin_cache,699,5.532
sin_cache,700,5.894
sin_cache,701,5.538
sin_cache,702,5.458
sin_cache,703,5.584
sin_cache,704,5.468
sin_cache,705,5.632
sin_cache,706,5.770
sin_cache,707,5.417
sin_cache,708,5.461
sin_cache,709,5.655
sin_cache,710,5.655
sin_cache,711,5.609
sin_cache,712,5.556
sin_cache,713,6.006
sin_cache,714,5.772
sin_cache,715,5.925
sin_cache,716,5.629
sin_cache,717,5.562
sin_cache,718,5.600
sin_cache,719,5.520
sin_cache,720,5.510
sin_cache,721,6.132
sin_cache,722,5.481
sin_cache,723,5.783
sin_cache,724,5.560
sin_cache,725,5.426
sin_cache,726,5.727
sin_cache,727,5.738
sin_cache,728,5.518
sin_cache,729,5.677
sin_cache,730,5.648
sin_cache,731,5.632
sin_cache,732,5.421
sin_cache,733,5.468
sin_cache,734,5.582
sin_cache,735,5.585
sin_cache,736,5.475
sin_cache,737,5.635
sin_cache,738,5.561
sin_cache,739,5.691
sin_cache,740,5.520
sin_cache,741,5.534
sin_cache,742,5.410
sin_cache,743,5.551
sin_cache,744,5.515
sin_cache,745,5.336
sin_cache,746,5.726
sin_cache,747,5.452
sin_cache,748,5.643
sin_cache,749,5.808
sin_cache,750,6.261
sin_cache,751,5.671
sin_cache,752,5.440
sin_cache,753,5.516
sin_cache,754,6.416
sin_cache,755,5.587
sin_cache,756,5.566
sin_cache,757,5.711
sin_cache,758,5.531
sin_cache,759,5.549
sin_cache,760,5.573
sin_cache,761,5.662
sin_cache,762,5.766
sin_cache,763,5.478
sin_cache,764,5.538
sin_cache,765,5.585
sin_cache,766,5.649
sin_cache,767,5.544
sin_cache,768,5.535
sin_cache,769,5.584
sin_cache,770,5.606
sin_cache,771,5.623
sin_cache,772,5.449
sin_cache,773,5.590
sin_cache,774,5.393
sin_cache,775,5.463
sin_cache,776,5.751
sin_cache,777,5.631
sin_cache,778,5.797
sin_cache,779,5.735
sin_cache,780,5.789
sin_cache,781,5.601
sin_cache,782,5.447
sin_cache,783,5.512
sin_cache,784,5.602
sin_cache,785,5.846
sin_cache,786,5.542
sin_cache,787,5.485
sin_cache,788,5.406
sin_cache,789,5.616
sin_cache,790,5.400
sin_cache,791,5.589
sin_cache,792,5.636
sin_cache,793,5.781
sin_cache,794,5.697
sin_cache,795,5.602
sin_cache,796,5.399
sin_cache,797,5.736
sin_cache,798,5.506
sin_cache,799,5.480
sin_cache,800,5.663
sin_cache,801,5.447
sin_cache,802,5.480
sin_cache,803,5.399
sin_cache,804,5.644
sin_cache,805,5.854
sin_cache,806,5.619
sin_cache,807,5.691
sin_cache,808,5.457
sin_cache,809,5.411
sin_cache,810,5.710
sin_cache,811,5.608
sin_cache,812,5.647
sin_cache,813,5.517
sin_cache,814,5.637
sin_cache,815,5.743
sin_cache,816,5.590
sin_cache,817,5.529
sin_cache,818,5.753
sin_cache,819,5.478
sin_cache,820,5.449
sin_cache,821,5.513
sin_cache,822,5.569
sin_cache,823,5.627
sin_cache,824,5.593
sin_cache,825,5.499
sin_cache,826,5.922
sin_cache,827,6.517
sin_cache,828,5.568
sin_cache,829,5.461
sin_cache,830,5.571
sin_cache,831,5.595
sin_cache,832,5.484
sin_cache,833,5.881
sin_cache,834,6.031
sin_cache,835,5.540
sin_cache,836,5.611
sin_cache,837,5.588
sin_cache,838,5.772
sin_cache,839,5.545
sin_cache,840,5.658
sin_cache,841,5.608
sin_cache,842,5.680
sin_cache,843,5.582
sin_cache,844,5.522
sin_cache,845,5.502
sin_cache,846,5.593
sin_cache,847,5.563
sin_cache,848,5.480
sin_cache,849,5.458
sin_cache,850,5.449
sin_cache,851,5.562
sin_cache,852,5.491
sin_cache,853,5.649
sin_cache,854,5.470
sin_cache,855,5.500
sin_cache,856,5.483
sin_cache,857,5.429
sin_cache,858,5.760
sin_cache,859,5.534
sin_cache,860,7.998
sin_cache,861,5.556
sin_cache,862,5.655
sin_cache,863,5.528
sin_cache,864,5.621
sin_cache,865,5.946
sin_cache,866,5.606
sin_cache,867,5.786
sin_cache,868,5.544
sin_cache,869,6.311
sin_cache,870,5.635
sin_cache,871,5.575
sin_cache,872,5.774
sin_cache,873,5.481
sin_cache,874,5.714
sin_cache,875,5.713
sin_cache,876,5.560
sin_cache,877,5.652
sin_cache,878,5.502
sin_cache,879,5.427
sin_cache,880,5.327
sin_cache,881,5.472
sin_cache,882,5.480
sin_cache,883,6.575
sin_cache,884,5.560
sin_cache,885,5.580
sin_cache,886,5.689
sin_cache,887,5.761
sin_cache,888,5.633
sin_cache,889,5.557
sin_cache,890,5.609
sin_cache,891,5.610
sin_cache,892,5.784
sin_cache,893,5.625
sin_cache,894,5.555
sin_cache,895,6.661
sin_cache,896,5.971
sin_cache,897,6.176
sin_cache,898,5.591
sin_cache,899,5.667
sin_cache,900,5.618
sin_cache,901,5.780
sin_cache,902,5.699
sin_cache,903,5.911
sin_cache,904,5.746
sin_cache,905,5.759
sin_cache,906,5.621
sin_cache,907,5.575
sin_cache,908,6.206
sin_cache,909,5.465
sin_cache,910,5.736
sin_cache,911,5.895
sin_cache,912,5.623
sin_cache,913,5.590
sin_cache,914,5.589
sin_cache,915,5.800
sin_cache,916,5.573
sin_cache,917,5.585
sin_cache,918,5.594
sin_cache,919,5.627
sin_cache,920,12.414
sin_cache,921,5.931
sin_cache,922,5.696
sin_cache,923,5.771
sin_cache,924,5.658
sin_cache,925,5.677
sin_cache,926,5.685
sin_cache,927,5.495
sin_cache,928,5.717
sin_cache,929,5.517
sin_cache,930,5.582
sin_cache,931,5.783
sin_cache,932,5.552
sin_cache,933,5.626
sin_cache,934,5.755
sin_cache,935,7.101
sin_cache,936,5.900
sin_cache,937,5.737
sin_cache,938,5.904
sin_cache,939,5.681
sin_cache,940,5.622
sin_cache,941,5.530
sin_cache,942,5.614
sin_cache,943,5.577
sin_cache,944,5.716
sin_cache,945,5.938
sin_cache,946,5.696
sin_cache,947,5.497
sin_cache,948,5.511
sin_cache,949,5.695
sin_cache,950,5.673
sin_cache,951,5.695
sin_cache,952,6.446
sin_cache,953,5.736
sin_cache,954,5.478
sin_cache,955,5.704
sin_cache,956,5.811
sin_cache,957,5.547
sin_cache,958,5.558
sin_cache,959,5.521
sin_cache,960,5.821
sin_cache,961,5.665
sin_cache,962,5.676
sin_cache,963,5.670
sin_cache,964,5.688
sin_cache,965,5.580
sin_cache,966,5.829
sin_cache,967,5.437
sin_cache,968,5.820
sin_cache,969,5.649
sin_cache,970,5.507
sin_cache,971,5.613
sin_cache,972,5.806
sin_cache,973,5.786
sin_cache,974,5.471
sin_cache,975,5.459
sin_cache,976,5.881
sin_cache,977,6.031
sin_cache,978,6.272
sin_cache,979,5.881
sin_cache,980,5.594
sin_cache,981,5.692
sin_cache,982,5.812
sin_cache,983,5.600
sin_cache,984,5.630
sin_cache,985,5.615
sin_cache,986,5.635
sin_cache,987,5.430
sin_cache,988,5.571
sin_cache,989,5.661
sin_cache,990,5.626
sin_cache,991,5.553
sin_cache,992,5.579
sin_cache,993,5.535
sin_cache,994,5.593
sin_cache,995,5.616
sin_cache,996,5.607
sin_cache,997,5.533
sin_cache,998,5.515
sin_cache,999,5.580
sin_cache,1000,5.403
cache,1,2.513
cache,2,2.405
cache,3,1.943
cache,4,1.972
cache,5,1.949
cache,6,1.880
cache,7,1.874
cache,8,1.891
cache,9,1.917
cache,10,1.906
cache,11,2.461
cache,12,2.141
cache,13,2.026
cache,14,1.895
cache,15,1.847
cache,16,1.921
cache,17,1.852
cache,18,1.881
cache,19,1.877
cache,20,2.100
cache,21,1.978
cache,22,1.921
cache,23,1.879
cache,24,1.990
cache,25,1.884
cache,26,1.924
cache,27,1.875
cache,28,2.222
cache,29,1.986
cache,30,2.010
cache,31,2.003
cache,32,1.973
cache,33,1.880
cache,34,1.964
cache,35,1.908
cache,36,2.393
cache,37,2.074
cache,38,1.987
cache,39,1.943
cache,40,1.941
cache,41,1.820
cache,42,2.037
cache,43,1.888
cache,44,2.321
cache,45,2.179
cache,46,1.972
cache,47,2.016
cache,48,1.948
cache,49,2.018
cache,50,1.983
cache,51,2.301
cache,52,2.343
cache,53,2.082
cache,54,1.904
cache,55,1.993
cache,56,2.060
cache,57,2.027
cache,58,2.016
cache,59,2.060
cache,60,2.468
cache,61,2.086
cache,62,2.129
cache,63,2.118
cache,64,1.974
cache,65,1.986
cache,66,2.006
cache,67,2.084
cache,68,2.205
cache,69,2.001
cache,70,2.087
cache,71,1.980
cache,72,2.065
cache,73,2.008
cache,74,2.068
cache,75,2.199
cache,76,2.317
cache,77,2.017
cache,78,1.996
cache,79,2.064
cache,80,2.104
cache,81,2.039
cache,82,1.993
cache,83,2.252
cache,84,2.124
cache,85,2.074
cache,86,2.075
cache,87,2.101
cache,88,1.924
cache,89,1.951
cache,90,2.015
cache,91,2.423
cache,92,2.155
cache,93,2.056
cache,94,1.922
cache,95,1.944
cache,96,1.957
cache,97,2.049
cache,98,2.067
cache,99,2.332
cache,100,2.197
cache,101,2.098
cache,102,1.971
cache,103,1.985
cache,104,2.022
cache,105,1.963
cache,106,2.064
cache,107,2.732
cache,108,2.150
cache,109,2.034
cache,110,2.006
cache,111,2.291
cache,112,2.024
cache,113,2.049
cache,114,2.220
cache,115,2.295
cache,116,2.023
cache,117,2.054
cache,118,1.968
cache,119,2.021
cache,120,2.013
cache,121,1.967
cache,122,2.376
cache,123,2.150
cache,124,2.577
cache,125,2.061
cache,126,1.983
cache,127,1.981
cache,128,2.014
cache,129,1.974
cache,130,2.309
cache,131,2.062
cache,132,2.049
cache,133,2.075
cache,134,2.088
cache,135,1.999
cache,136,2.023
cache,137,2.485
cache,138,2.374
cache,139,2.079
cache,140,2.081
cache,141,2.025
cache,142,2.013
cache,143,2.053
cache,144,2.009
cache,145,2.429
cache,146,2.221
cache,147,2.394
cache,148,2.042
cache,149,1.976
cache,150,2.041
cache,151,1.928
cache,152,2.067
cache,153,2.293
cache,154,2.254
cache,155,2.038
cache,156,2.088
cache,157,2.091
cache,158,2.026
cache,159,2.297
cache,160,2.375
cache,161,2.126
cache,162,2.077
cache,163,2.010
cache,164,2.086
cache,165,1.992
cache,166,2.015
cache,167,2.110
cache,168,2.343
cache,169,2.299
cache,170,2.051
cache,171,2.018
cache,172,2.095
cache,173,2.049
cache,174,1.960
cache,175,2.112
cache,176,2.334
cache,177,2.102
cache,178,2.025
cache,179,2.035
cache,180,2.030
cache,181,2.135
cache,182,2.269
cache,183,2.449
cache,184,2.265
cache,185,2.132
cache,186,2.113
cache,187,2.087
cache,188,2.148
cache,189,1.946
cache,190,1.973
cache,191,2.367
cache,192,2.180
cache,193,2.040
cache,194,2.127
cache,195,2.096
cache,196,2.005
cache,197,1.993
cache,198,2.133
cache,199,2.193
cache,200,2.550
cache,201,2.020
cache,202,2.018
cache,203,2.041
cache,204,2.026
cache,205,2.016
cache,206,2.634
cache,207,2.292
cache,208,2.116
cache,209,2.135
cache,210,2.051
cache,211,2.018
cache,212,2.019
cache,213,2.003
cache,214,2.224
cache,215,2.118
cache,216,2.044
cache,217,2.081
cache,218,2.084
cache,219,2.079
cache,220,2.347
cache,221,2.197
cache,222,2.264
cache,223,2.079
cache,224,2.047
cache,225,2.022
cache,226,2.128
cache,227,1.966
cache,228,2.078
cache,229,2.226
cache,230,2.377
cache,231,2.139
cache,232,2.048
cache,233,2.152
cache,234,2.201
cache,235,2.015
cache,236,2.105
cache,237,2.256
cache,238,2.216
cache,239,2.024
cache,240,2.037
cache,241,2.075
cache,242,2.176
cache,243,2.043
cache,244,2.232
cache,245,2.311
cache,246,2.461
cache,247,2.042
cache,248,2.064
cache,249,1.991
cache,250,1.988
cache,251,2.088
cache,252,2.835
cache,253,2.289
cache,254,2.100
cache,255,2.053
cache,256,2.094
cache,257,2.004
cache,258,2.040
cache,259,2.260
cache,260,2.183
cache,261,2.097
cache,262,2.100
cache,263,2.000
cache,264,2.033
cache,265,2.058
cache,266,2.165
cache,267,2.532
cache,268,2.169
cache,269,2.080
cache,270,2.208
cache,271,2.094
cache,272,1.977
cache,273,2.049
cache,274,2.198
cache,275,2.279
cache,276,2.177
cache,277,2.120
cache,278,2.040
cache,279,2.084
cache,280,2.100
cache,281,2.017
cache,282,2.301
cache,283,2.413
cache,284,2.152
cache,285,2.063
cache,286,2.053
cache,287,2.114
cache,288,1.916
cache,289,2.097
cache,290,2.398
cache,291,2.154
cache,292,2.426
cache,293,2.040
cache,294,2.030
cache,295,1.949
cache,296,2.027
cache,297,2.254
cache,298,2.260
cache,299,2.069
cache,300,2.116
cache,301,2.025
cache,302,2.034
cache,303,2.007
cache,304,2.050
cache,305,2.858
cache,306,2.111
cache,307,2.089
cache,308,2.148
cache,309,2.009
cache,310,2.036
cache,311,2.048
cache,312,2.330
cache,313,2.225
cache,314,2.110
cache,315,1.938
cache,316,2.006
cache,317,2.092
cache,318,2.050
cache,319,2.270
cache,320,2.709
cache,321,2.334
cache,322,2.068
cache,323,2.089
cache,324,1.992
cache,325,2.169
cache,326,2.078
cache,327,2.208
cache,328,2.419
cache,329,2.057
cache,330,1.994
cache,331,1.942
cache,332,1.967
cache,333,2.006
cache,334,1.992
cache,335,2.150
cache,336,2.257
cache,337,2.022
cache,338,2.489
cache,339,1.974
cache,340,2.020
cache,341,2.009
cache,342,2.015
cache,343,2.280
cache,344,2.202
cache,345,2.056
cache,346,2.095
cache,347,2.115
cache,348,2.046
cache,349,2.301
cache,350,2.047
cache,351,2.376
cache,352,2.100
cache,353,2.096
cache,354,2.018
cache,355,2.007
cache,356,2.190
cache,357,2.031
cache,358,2.135
cache,359,2.255
cache,360,2.148
cache,361,2.151
cache,362,2.081
cache,363,1.946
cache,364,2.076
cache,365,1.973
cache,366,2.243
cache,367,2.271
cache,368,2.008
cache,369,2.044
cache,370,2.011
cache,371,2.087
cache,372,2.081
cache,373,2.187
cache,374,2.096
cache,375,2.075
cache,376,2.013
cache,377,2.011
cache,378,1.982
cache,379,2.017
cache,380,1.969
cache,381,2.068
cache,382,2.189
cache,383,2.125
cache,384,2.030
cache,385,2.362
cache,386,2.013
cache,387,1.997
cache,388,2.150
cache,389,2.111
cache,390,2.286
cache,391,2.053
cache,392,1.917
cache,393,1.987
cache,394,2.005
cache,395,2.062
cache,396,1.995
cache,397,2.356
cache,398,2.157
cache,399,2.122
cache,400,1.953
cache,401,2.013
cache,402,2.230
cache,403,2.077
cache,404,2.027
cache,405,2.090
cache,406,2.008
cache,407,2.003
cache,408,1.969
cache,409,1.966
cache,410,1.922
cache,411,1.996
cache,412,2.040
cache,413,2.062
cache,414,2.262
cache,415,2.112
cache,416,2.059
cache,417,2.001
cache,418,1.928
cache,419,1.964
cache,420,1.928
cache,421,2.153
cache,422,2.021
cache,423,2.138
cache,424,2.024
cache,425,2.028
cache,426,1.922
cache,427,2.067
cache,428,2.082
cache,429,2.012
cache,430,2.021
cache,431,2.010
cache,432,1.995
cache,433,2.368
cache,434,2.042
cache,435,2.078
cache,436,1.959
cache,437,1.997
cache,438,2.000
cache,439,1.997
cache,440,1.989
cache,441,1.948
cache,442,2.015
cache,443,1.938
cache,444,2.086
cache,445,1.853
cache,446,1.923
cache,447,1.992
cache,448,2.015
cache,449,2.036
cache,450,2.161
cache,451,2.045
cache,452,2.017
cache,453,2.062
cache,454,2.060
cache,455,2.020
cache,456,1.959
cache,457,2.014
cache,458,1.934
cache,459,1.964
cache,460,1.988
cache,461,1.975
cache,462,1.957
cache,463,2.214
cache,464,2.000
cache,465,1.989
cache,466,2.046
cache,467,1.921
cache,468,1.887
cache,469,1.938
cache,470,1.947
cache,471,1.985
cache,472,1.953
cache,473,1.946
cache,474,1.894
cache,475,1.956
cache,476,2.002
cache,477,2.086
cache,478,2.012
cache,479,2.160
cache,480,1.930
cache,481,2.011
cache,482,2.291
cache,483,1.907
cache,484,2.026
cache,485,1.965
cache,486,1.895
cache,487,2.013
cache,488,2.003
cache,489,2.250
cache,490,1.980
cache,491,1.966
cache,492,1.867
cache,493,1.937
cache,494,2.079
cache,495,2.042
cache,496,1.978
cache,497,2.015
cache,498,1.993
cache,499,2.005
cache,500,1.952
cache,501,2.010
cache,502,1.964
cache,503,2.046
cache,504,2.062
cache,505,1.965
cache,506,1.878
cache,507,1.998
cache,508,1.886
cache,509,2.049
cache,510,1.896
cache,511,1.914
cache,512,1.912
cache,513,1.997
cache,514,1.886
cache,515,1.877
cache,516,1.859
cache,517,1.975
cache,518,1.971
cache,519,1.982
cache,520,1.972
cache,521,2.006
cache,522,1.982
cache,523,2.001
cache,524,1.946
cache,525,2.079
cache,526,1.925
cache,527,2.024
cache,528,2.020
cache,529,1.991
cache,530,2.027
cache,531,2.030
cache,532,2.092
cache,533,2.043
cache,534,2.012
cache,535,2.055
cache,536,2.033
cache,537,1.970
cache,538,2.083
cache,539,1.987
cache,540,2.090
cache,541,1.949
cache,542,2.037
cache,543,1.952
cache,544,1.906
cache,545,2.029
cache,546,1.973
cache,547,1.975
cache,548,1.931
cache,549,1.919
cache,550,1.964
cache,551,2.065
cache,552,1.975
cache,553,1.939
cache,554,1.975
cache,555,2.193
cache,556,2.057
cache,557,1.911
cache,558,1.988
cache,559,1.948
cache,560,2.005
cache,561,1.942
cache,562,1.959
cache,563,1.998
cache,564,2.381
cache,565,2.355
cache,566,2.045
cache,567,2.071
cache,568,2.239
cache,569,2.087
cache,570,2.145
cache,571,2.025
cache,572,2.017
cache,573,1.999
cache,574,1.977
cache,575,1.971
cache,576,1.990
cache,577,1.952
cache,578,1.937
cache,579,2.008
cache,580,2.488
cache,581,2.077
cache,582,1.984
cache,583,1.975
cache,584,1.984
cache,585,1.962
cache,586,2.063
cache,587,1.966
cache,588,1.964
cache,589,1.997
cache,590,2.016
cache,591,2.016
cache,592,2.182
cache,593,1.981
cache,594,1.998
cache,595,2.003
cache,596,2.037
cache,597,2.094
cache,598,2.043
cache,599,2.030
cache,600,2.054
cache,601,2.015
cache,602,2.136
cache,603,2.047
cache,604,2.021
cache,605,2.044
cache,606,2.024
cache,607,2.109
cache,608,2.027
cache,609,1.998
cache,610,2.033
cache,611,1.981
cache,612,2.102
cache,613,1.997
cache,614,1.962
cache,615,2.078
cache,616,1.937
cache,617,1.999
cache,618,2.047
cache,619,1.977
cache,620,2.037
cache,621,1.982
cache,622,2.012
cache,623,1.938
cache,624,2.026
cache,625,1.981
cache,626,1.969
cache,627,1.972
cache,628,2.003
cache,629,2.059
cache,630,2.009
cache,631,2.053
cache,632,2.211
cache,633,2.075
cache,634,2.037
cache,635,2.122
cache,636,2.012
cache,637,1.980
cache,638,1.935
cache,639,2.021
cache,640,2.098
cache,641,2.010
cache,642,2.054
cache,643,2.078
cache,644,2.140
cache,645,2.225
cache,646,2.056
cache,647,2.023
cache,648,1.963
cache,649,2.041
cache,650,1.936
cache,651,1.962
cache,652,2.041
cache,653,1.987
cache,654,1.985
cache,655,2.001
cache,656,2.129
cache,657,1.977
cache,658,2.011
cache,659,2.019
cache,660,1.987
cache,661,2.147
cache,662,2.050
cache,663,1.985
cache,664,2.039
cache,665,2.012
cache,666,2.035
cache,667,2.007
cache,668,2.027
cache,669,2.038
cache,670,2.305
cache,671,2.055
cache,672,2.036
cache,673,1.984
cache,674,2.044
cache,675,1.971
cache,676,2.095
cache,677,2.068
cache,678,2.033
cache,679,1.999
cache,680,2.096
cache,681,2.077
cache,682,2.111
cache,683,2.042
cache,684,2.028
cache,685,2.071
cache,686,1.986
cache,687,2.047
cache,688,1.982
cache,689,2.123
cache,690,2.080
cache,691,2.022
cache,692,2.063
cache,693,2.057
cache,694,1.928
cache,695,1.994
cache,696,2.008
cache,697,1.979
cache,698,2.006
cache,699,2.002
cache,700,1.967
cache,701,1.982
cache,702,2.042
cache,703,2.026
cache,704,1.987
cache,705,1.970
cache,706,2.020
cache,707,2.115
cache,708,2.081
cache,709,2.080
cache,710,1.963
cache,711,2.750
cache,712,2.217
cache,713,2.065
cache,714,2.018
cache,715,2.041
cache,716,1.929
cache,717,1.978
cache,718,2.209
cache,719,1.969
cache,720,2.046
cache,721,2.014
cache,722,2.056
cache,723,2.026
cache,724,1.941
cache,725,1.970
cache,726,1.969
cache,727,2.022
cache,728,1.971
cache,729,2.017
cache,730,2.015
cache,731,2.032
cache,732,2.041
cache,733,2.063
cache,734,1.985
cache,735,1.967
cache,736,2.128
cache,737,1.954
cache,738,1.994
cache,739,1.988
cache,740,2.032
cache,741,1.934
cache,742,2.046
cache,743,2.015
cache,744,2.036
cache,745,1.988
cache,746,1.915
cache,747,1.948
cache,748,1.992
cache,749,2.056
cache,750,2.042
cache,751,2.118
cache,752,2.058
cache,753,2.008
cache,754,1.996
cache,755,2.002
cache,756,2.018
cache,757,1.999
cache,758,2.032
cache,759,2.032
cache,760,2.048
cache,761,2.003
cache,762,1.981
cache,763,1.948
cache,764,2.032
cache,765,1.997
cache,766,2.045
cache,767,2.031
cache,768,1.969
cache,769,2.080
cache,770,2.062
cache,771,2.009
cache,772,2.044
cache,773,1.995
cache,774,2.087
cache,775,2.004
cache,776,2.002
cache,777,1.966
cache,778,1.892
cache,779,2.003
cache,780,2.031
cache,781,2.010
cache,782,2.030
cache,783,1.948
cache,784,2.022
cache,785,1.987
cache,786,2.050
cache,787,2.048
cache,788,2.020
cache,789,2.021
cache,790,2.014
cache,791,1.971
cache,792,1.993
cache,793,2.045
cache,794,2.030
cache,795,2.032
cache,796,1.936
cache,797,1.967
cache,798,2.069
cache,799,2.668
cache,800,2.294
cache,801,2.039
cache,802,2.106
cache,803,2.055
cache,804,1.996
cache,805,2.052
cache,806,2.157
cache,807,2.060
cache,808,2.117
cache,809,2.032
cache,810,1.951
cache,811,2.085
cache,812,1.960
cache,813,2.048
cache,814,2.110
cache,815,2.033
cache,816,2.052
cache,817,2.030
cache,818,2.055
cache,819,2.038
cache,820,1.987
cache,821,1.992
cache,822,2.390
cache,823,2.103
cache,824,2.027
cache,825,2.075
cache,826,2.016
cache,827,2.023
cache,828,2.009
cache,829,1.882
cache,830,1.946
cache,831,1.992
cache,832,2.012
cache,833,2.020
cache,834,2.103
cache,835,1.978
cache,836,1.882
cache,837,2.037
cache,838,1.989
cache,839,2.018
cache,840,1.961
cache,841,1.967
cache,842,1.900
cache,843,2.005
cache,844,2.014
cache,845,2.023
cache,846,2.059
cache,847,2.088
cache,848,2.092
cache,849,2.029
cache,850,1.957
cache,851,1.956
cache,852,2.534
cache,853,2.345
cache,854,2.233
cache,855,2.227
cache,856,2.239
cache,857,2.126
cache,858,2.104
cache,859,2.194
cache,860,1.948
cache,861,2.011
cache,862,1.990
cache,863,2.074
cache,864,2.079
cache,865,1.959
cache,866,1.975
cache,867,2.011
cache,868,1.966
cache,869,1.958
cache,870,2.395
cache,871,2.080
cache,872,2.081
cache,873,1.950
cache,874,1.961
cache,875,1.928
cache,876,1.956
cache,877,2.034
cache,878,2.113
cache,879,1.986
cache,880,2.083
cache,881,2.055
cache,882,2.030
cache,883,2.053
cache,884,2.019
cache,885,2.030
cache,886,1.991
cache,887,2.019
cache,888,2.073
cache,889,1.999
cache,890,1.935
cache,891,1.969
cache,892,1.961
cache,893,2.036
cache,894,2.013
cache,895,1.958
cache,896,1.979
cache,897,2.067
cache,898,1.941
cache,899,1.938
cache,900,1.972
cache,901,2.027
cache,902,2.057
cache,903,1.959
cache,904,1.969
cache,905,1.996
cache,906,1.985
cache,907,2.000
cache,908,1.901
cache,909,8.065
cache,910,3.878
cache,911,2.227
cache,912,2.157
cache,913,2.075
cache,914,2.172
cache,915,2.344
cache,916,2.142
cache,917,2.053
cache,918,1.990
cache,919,1.931
cache,920,2.024
cache,921,2.025
cache,922,2.032
cache,923,2.021
cache,924,2.016
cache,925,1.974
cache,926,2.062
cache,927,2.012
cache,928,2.052
cache,929,2.023
cache,930,2.027
cache,931,2.100
cache,932,1.987
cache,933,2.102
cache,934,2.182
cache,935,1.921
cache,936,2.025
cache,937,2.024
cache,938,2.298
cache,939,2.035
cache,940,2.016
cache,941,1.952
cache,942,2.002
cache,943,2.029
cache,944,1.952
cache,945,1.976
cache,946,1.997
cache,947,1.973
cache,948,1.979
cache,949,2.021
cache,950,2.114
cache,951,2.008
cache,952,2.041
cache,953,2.024
cache,954,1.948
cache,955,2.033
cache,956,1.978
cache,957,1.978
cache,958,2.030
cache,959,2.003
cache,960,1.990
cache,961,1.961
cache,962,2.103
cache,963,2.089
cache,964,2.076
cache,965,2.014
cache,966,2.001
cache,967,2.008
cache,968,2.146
cache,969,2.049
cache,970,2.025
cache,971,2.094
cache,972,2.048
cache,973,1.972
cache,974,1.950
cache,975,2.016
cache,976,2.039
cache,977,2.016
cache,978,2.043
cache,979,2.117
cache,980,2.171
cache,981,2.057
cache,982,2.005
cache,983,2.048
cache,984,2.101
cache,985,2.024
cache,986,2.035
cache,987,1.907
cache,988,2.048
cache,989,2.386
cache,990,2.042
cache,991,1.989
cache,992,1.987
cache,993,2.031
cache,994,2.005
cache,995,2.029
cache,996,1.966
cache,997,2.014
cache,998,1.961
cache,999,1.849
cache,1000,2.022
